"Survey.ResponseID","Q.amazon.use.hh.size.num"
"R_2aP0GyIR66gSTiR",3
"R_11Y3ZtLQrhccXC7",2
"R_3papb8tA6MhY9Ga",2
"R_2PdHkMSzW7totCp",3
"R_1g0gCzG1DmCEKob",3
"R_279w6VtL6RMPoAy",2
"R_111J2YLIGckNIeJ",2
"R_UmBwrqd2lGfqkp3",2
"R_1KdlBlo1yOVwef9",2
"R_1hK1vuBfyfw5EGJ",2
"R_2QLigoO9nrSSnPT",2
"R_2338QGZaaaR1nho",3
"R_31hpjsH6qTrIyHn",2
"R_2AWkL1j4mAcAll8",3
"R_OQeye2UKl8Th6dr",2
"R_2uL1J6k6By8taew",3
"R_5u1j9x0AEArQHSN",3
"R_D5ygbCcJ5AaZm93",2
"R_7WBotcu3OLipNWV",2
"R_R4goEYhjG8ibKsV",2
"R_vqUjznemK9GPhfP",2
"R_2WMt9IboH8O03gc",2
"R_wMrbwfaugXFwJDH",3
"R_2Bm1kPnJO8CxELI",2
"R_1QsBQXKcvaivx1j",2
"R_3m1QGkK4pRvz6q5",2
"R_3h9Bd191G9AvusC",3
"R_1CxLS0volYi8suF",2
"R_1eQqFeBM4MatSbX",2
"R_z8R7uxzHXINE8o1",2
"R_56IpX8kBZNaXDz3",3
"R_2QX6bqN2BA5Ex0p",3
"R_1d6V903Xy4VOFla",3
"R_2VsCpLMEP8xSuge",2
"R_1eXcCdLEuOijpZN",2
"R_SE8aSpQlEHeTRi9",2
"R_1GZy78Wx8EqIpUZ",2
"R_1H6R8vRtVJI4SFg",3
"R_8eKGNVrEIgSCi09",2
"R_2c0LvQZZyDEtFnA",2
"R_1f1SLKwUDjWMgAL",2
"R_26niIHQyfTEFqZ6",2
"R_3Kp8Seg75oN0gPs",3
"R_32WrYe9Z7XWF8FL",3
"R_1BPfziFOM6qTGYB",3
"R_9nKhCJegREGhqjD",2
"R_2QmRrF3XTzpGmRn",3
"R_3saDhTbVfCKMgwp",3
"R_2feRvKSb9cwQOgc",3
"R_1r8gY2xmbOaJ5pE",2
"R_3L5PlZC0jvJDclX",3
"R_2SqWTZJSEFu0jiK",3
"R_2ARuK9Yt1gaelL1",2
"R_C7bztkUY2YELJMB",2
"R_1IRcsBDiYNaqCGX",3
"R_3kc4QWV5AiSbW9E",2
"R_2zzG1u6pYDToyGD",3
"R_UJy9bvJSlz6m5bP",2
"R_z8w9TsEywvOcfCN",2
"R_1myeUpVwl79jE6X",2
"R_RIab1TrbMHv4dm9",2
"R_1CHdyvBKOQ3uBZ4",3
"R_3wT1t9duSUIPC5b",3
"R_szoWgaLxKI7lXu9",2
"R_3O3q0hfoQEIpPpf",2
"R_6WKgcpiJlVUN0g9",3
"R_27rsip0DcDtBlXs",2
"R_9vudhfLDxozbpex",3
"R_1jJ7zL5b1XvIXY9",2
"R_R38GYKD6oUDOIF3",2
"R_27KiIdiOjALLpvp",3
"R_2D7Gsn84N2m2dJQ",3
"R_OGUcDEj85m0paaR",2
"R_so1lMsX2pFxGtK9",2
"R_21hd1YVMlulldVy",3
"R_3KrchKzF2f9xKLv",3
"R_2zRSCnBFbSgJpKM",3
"R_3rOl9sFF0CCPbS8",3
"R_1gOpQc11VMx5hm4",3
"R_1IXwEWfLjfU1xax",2
"R_T2cW0jWTLQ3jpYZ",2
"R_23ZwAcyeCLyHKAW",3
"R_sjIYvrwrEythGKJ",2
"R_3kp1cu1nmAKu6mC",3
"R_PTBypKcn9Vjypup",2
"R_3EGvqUR9TZQYcPc",2
"R_3jV8kPp6atdc32x",2
"R_01vNIayewjIIKMF",3
"R_2qmTT4GycNBbEQQ",3
"R_2U9Jk9fsyaEVhgv",3
"R_1OULU4qXZSClHig",3
"R_3KNPTA6hmTHL69G",2
"R_2Ww27zoK4AhPAVM",3
"R_31TT1wA5qLC8jaX",3
"R_qzuA5lK6SGDFQWZ",3
"R_1IjiyEVDz09eFAs",2
"R_8kvXRXPuQRk1R0l",2
"R_3JLyTBgWGl9Cl4Y",3
"R_bBq5KArp9QA6oo1",3
"R_1rj2wuzuPHoYYzb",2
"R_20OIhkKq0f47R7P",2
"R_1r383E60yWIJ5G0",3
"R_25sIdih8VbvepDL",2
"R_1Fxjci1mPvgmZs5",2
"R_2646TtJwpPm2ifp",2
"R_3gRFXl9yMJKKRf6",3
"R_2D6Q9rGf1bLlHJ1",3
"R_8eV1MpUczuxdP4l",2
"R_2sYGxSVJnPBMTu0",2
"R_24N5KoItyOzouAl",2
"R_1i7Zoa74FWb4o89",2
"R_3EjukyESzOBwlP3",4
"R_2Pe6tHUCkAWyCiD",2
"R_1qXa6rLKlwTkwDN",2
"R_1FILvmI2ZEKHPPR",2
"R_xco4xOVS00vBy0N",3
"R_BM0qxws7B5jcbCN",3
"R_qw6Em8iJ2tIPyuJ",3
"R_A0Z3SvLDpDK2jex",2
"R_3fkN1OLj1L6RnNU",3
"R_UGCPN0ojGys6AM1",2
"R_u23zHQzOrh5zjyx",2
"R_3CH1YiBOUKEpwDw",2
"R_1r67uJMT2pr31JQ",3
"R_2a8rpLIyhmxoRdv",2
"R_8hJoBZ9EnImCSxX",2
"R_1IbecOt0BQCiSOz",3
"R_2z92A8GULLlSeMS",2
"R_10O88fl87fP9wfM",2
"R_1FmFxVGW4771Ubh",2
"R_xoq84dhiJNk1W9j",2
"R_eth9yMZrzStQnTz",2
"R_2qsoPZVn3KYMdsc",2
"R_1mUW1hZcQUZI5jt",3
"R_OwFousWyWRNjaoN",3
"R_27HieEDP3NM4XfF",2
"R_2R2DBMXF76ROyOu",2
"R_1BWxQW5L2MlpDCd",2
"R_1MYWNvd6IFetpta",2
"R_32PFJILCpebqj2I",4
"R_3qR5wS7Yfxu0S0B",3
"R_spdPnrtroCyeECZ",2
"R_31Gm2oRfrW02nxH",3
"R_yyDppdQl8WvJZbr",2
"R_29lVeJYqWavvBrf",2
"R_73uiPcXvI2uhrz3",2
"R_249670wYZ5roq0q",2
"R_vdGOGGSniZMGt8d",2
"R_1FaohPMY0mE5O4K",2
"R_2c631mUa0YmTtWV",2
"R_2TMjqyOFnomTeK0",2
"R_9LAhL6iGRFbhJiF",2
"R_11gymhOPZz4baOa",3
"R_2S7gh75tbvkUpDq",2
"R_1od3pz9nFmDAkiu",3
"R_PBf0FEpFdxz7kU9",2
"R_1C1nnqKIVMlhfTh",3
"R_2B3bueiWdZ91lDI",2
"R_3qKXjhdktmyhWbC",3
"R_3g4JbArAZR7dsKo",3
"R_1dEuiympk4ngwO2",1
"R_2D0jGDh4HnsnQc7",3
"R_2wKMJ2p8QBDg0UW",2
"R_1DuNz7P7ow9xvT2",3
"R_1hT2aJkf3L95zWl",2
"R_28ZAM5fkVb7PhIs",2
"R_08tF4u5YMrmEJ4l",2
"R_3mA8FkeMLPmxavv",3
"R_3MFOfZwEqDUt7T9",3
"R_1OB5P2ZPguPBd8T",3
"R_NWM1oHODdHb0YPD",2
"R_3UecSmqWX5VbJD3",2
"R_1IQrTixrpV3RdZy",2
"R_3NECgPvrf1FM870",3
"R_5cKAy8wQCzlEwjT",3
"R_2zZ7CfEvq7LOq8p",3
"R_1Pd540Yi7vg2fS3",3
"R_25RsmPLCHnSkLaN",2
"R_3HhuhQG33UHsk0S",3
"R_07oHvj3bLVVRCRb",3
"R_1KeTKuQXOr9Ds8d",2
"R_3k1YkypUNn2zXzH",2
"R_2fE4M9t9gZQtHCQ",3
"R_Z2Gd6jT9M6qXlzH",3
"R_1ovZlwoOEVQNF6w",3
"R_2eRyZubbsYSEg2S",2
"R_1nOCbm9LVjgq65b",3
"R_2DSy6NpOABvLOqK",2
"R_bkHRi9YgD6jBOMh",2
"R_20URm9nTtAT8LS4",2
"R_3EVY4NsMzRR1v2S",4
"R_2c6eurXv5jRvtuT",3
"R_2ZOzP63AylmR887",2
"R_XMyTz3sIsacmJRD",3
"R_AI1StUjSHjVbNxD",2
"R_2QECV61zCoWvPwV",4
"R_27OmKbTDz2F6oo6",2
"R_1i3WVbGWjxEcUQR",3
"R_1cZfyoMTmga6Jem",2
"R_2rTPf8FZmr95JGX",2
"R_1iaosPVeRcMmmKi",3
"R_20VzvJRJfQuBK0A",3
"R_3Rr4DxDCdJFlHWR",2
"R_2dYGdPlFmvZpCk6",2
"R_6FppBvBnmsDiobn",3
"R_21vrOdR7S4szc1h",2
"R_3nTTyw1tM8Efnek",4
"R_4GHk9bPqF1805s5",2
"R_ZlS0sW6ozCjoQlH",3
"R_1rvSssRW5hO4UME",2
"R_1ZmrvpO6K4KDhaF",2
"R_1LCDUCqkRzsNyRo",3
"R_2CkWe0IZCr5jMki",2
"R_2s1oQJdzpDw4s1M",2
"R_rkzUaKttDvAbNmx",2
"R_33a4MA36qbvE9o4",2
"R_3IPI3HQKPpZiAuc",2
"R_tMsVLA8C6RuTmlb",2
"R_O8BTNrzIQ4jJdct",3
"R_x62lMGkpgmmlnrz",2
"R_1H2C6LKN5sYiPMS",3
"R_33gqD4zbwgtDhQC",2
"R_3GiWheWDtygg0V2",3
"R_1jizuM2MEMPZJU2",2
"R_1Ri2PvXp7pnqqyt",4
"R_1H7fdZFFkwr8HKx",3
"R_3rduFoUv0EnQBUd",2
"R_3HLZ94fSYlErqm4",3
"R_2w5m3XJMrF4EdY0",3
"R_1ik8stGviOCACC4",2
"R_1rAoEVZg0xO49I3",2
"R_12kYTBVH8kS49hc",2
"R_77CQXOKiTkOA5d7",2
"R_5hf4PIgMvDvKkIF",2
"R_1GJQPdG3jpH3uLc",2
"R_27k8w8r5FnOE9TL",3
"R_sBuvqgoSbJ1GdXz",3
"R_2veKBNYz0Tg13je",3
"R_3LigPLmiinkglRk",2
"R_1LRxmw1v9XlwyZ4",3
"R_1ooLwPR89VoxnlF",2
"R_pH4ZvVad3UKYN21",3
"R_10ZbjWZfgeB444P",2
"R_BJHiCyagarXovZL",2
"R_yDsJLBJ60v26htD",3
"R_21v64TCmtpIIH87",3
"R_25HMSJi9OsBKgjX",2
"R_vVVUPy624m5ZRx7",2
"R_3HjNQCp49uYkfcR",2
"R_28MUrxegboyIHhY",4
"R_3lYoNCIklsOH7sq",2
"R_bf37vgAtSoPc5rj",3
"R_1hDMq8QpT7SU4R3",2
"R_1l6oxKA9uiM9GUo",2
"R_vek9FZGpmXonMhX",3
"R_RIAWjvzqC9Anz0d",3
"R_3Dvf2b14COFZe0A",3
"R_32Wsk7ziaut6JrW",2
"R_1meEApGTqRnvC4S",3
"R_22YsYorxl1ol9UE",2
"R_2qrgkrgXA9s6xrB",2
"R_3OpMNVHA76ZfPbH",2
"R_NWRR48qozQZO8g1",2
"R_1ISJv7z3x6BnK4k",2
"R_0jFt3K3i4558lbj",3
"R_2Cp5sjenoyePcm6",2
"R_2t2J9GVhcnhj8pX",2
"R_1ONsVOpSDE6jAfT",3
"R_25Xxau8wxesYGsx",2
"R_1eOAA9WI8uZjYbx",3
"R_vvIX8JUF41yjnGh",2
"R_2xVNXylGNDbivoc",2
"R_25R5j9tYJt2A7SO",3
"R_29bM1YBU1Urooz8",2
"R_qIW9qR6SR6Mboch",2
"R_2dHne3wyTYwxWBl",3
"R_3JIXNlHP57fpa2R",2
"R_WiHgd4U8fkn5ZsZ",2
"R_24k3UnBOhSTxgwO",2
"R_ZqMc2n2GUPEaXfz",3
"R_31LYkoXpSf1q0Ne",2
"R_2Ysu2QpwwnLCChx",2
"R_2fGP2IUNlOit4kE",2
"R_2Qfzb9ygW4pFpaQ",2
"R_2P59RGdcNoSD2Rv",3
"R_3Mb2VWjanQnEhx5",2
"R_3Ddx3PF1GsBUbzX",3
"R_9B11uJ2CO5z4hGx",3
"R_STNOEWFecrQlOHn",2
"R_3nMY8jLeOMfxVnY",2
"R_2zC8AbBh1e5CVcK",2
"R_2Sc7RkHYHw76aWg",2
"R_264ulF7SprDMGcK",2
"R_22rJF9Az75VyMxb",2
"R_1dyFQKx9yg2YTmC",2
"R_u9UwZawss4cVQlz",2
"R_1K9yOc1WbKzImgH",3
"R_3KO24XmGqUIwMZH",3
"R_3RkeUbcpLz33hJO",2
"R_cOaIgEou3Y2RLcB",2
"R_OQ2hOsg4SFQ9WSJ",2
"R_3PNNUrowNtmDaYu",2
"R_29sSdZhPXE2rY6T",2
"R_3Gf7YI2H2CvFjQS",3
"R_3oXeN7LsUxJ1Jco",2
"R_3hnJMNKiTFDsnVr",3
"R_vGepqaXT4rSfuRH",2
"R_T0dG5GjDneWRmUx",2
"R_To1AwJ2KphjS9Il",3
"R_bIXnQr8Fm57EAGR",2
"R_3I5nChwlGKbzV2A",2
"R_3kAKNNSrZk6Lyna",3
"R_2TXA2hvlVB8PZfO",3
"R_3qWelyoPjmQzdkZ",3
"R_8ozmLYNKXtl9v7H",3
"R_3eg0me5m4O8d4An",2
"R_OJtQZQpl9WrkqLD",2
"R_1LcHRNTQP5Ht1tg",2
"R_1pWJvtYt20XIeSA",3
"R_1LUaD6cuon5njXD",2
"R_12EeuI1AdMnuvET",3
"R_3phESUXircSC3Za",2
"R_qWtvZqcqKDFEeul",2
"R_2UckkA7ZpK0f7lT",3
"R_1gRWk2lFzQuy1iG",2
"R_28A3bViTfrJjMFz",3
"R_PYQtkvvNdK6wGyZ",3
"R_30f0gTKJr78YCy4",3
"R_1IaO9kPXlVlBWD9",2
"R_1ezavRhXbeNQUT1",3
"R_9mGmhKxB10zJtHr",2
"R_12DXU1DfwUF0Aq5",2
"R_3h3VvfXViksWH2f",2
"R_21BehoUEuWS1JQC",2
"R_3mmIIMQ7oHxgBJh",2
"R_sF1pGMNxEpYFxO9",3
"R_23Wbrmncvkhzk2L",3
"R_2fx4q9kzHTIS3EV",2
"R_3iDN6fAYFJQiaBE",2
"R_2dFIbbYWUgwBiHk",3
"R_3kueJwyzqVs2sxR",2
"R_1joYJwAIb83oGBr",2
"R_RrAzSSEpdQYcUx3",2
"R_3nqPkPCXP339aox",2
"R_3MRUV38aFVNctgw",2
"R_3fSID1UOrXxgUWt",2
"R_3ff9iXWRr8CwTNI",3
"R_33m7KkdGBd1FBPD",2
"R_tVBwSUerMFXisLL",2
"R_rqYLYukRihPwUmZ",2
"R_1n8Ra4QBF4msgGV",3
"R_2BaJphTs4oWCFD0",2
"R_3O7wBifBfe9F5J6",3
"R_3JeYrscDZ1kBO3a",3
"R_2Vg5Du0x87AijTs",2
"R_10VPzfUmqBTJEiC",4
"R_ZfxDd4JY8M1gR8J",3
"R_XvTgfvCeoBbBuBH",2
"R_1fk15T90bcbmdPj",2
"R_Dw30GgKFkKsUqT7",2
"R_1gLN6X8yWeRB4qo",2
"R_3KGYehNgy0pjaWk",2
"R_2aY0qGl9YtWv316",2
"R_2ceym1bWxLke53s",2
"R_2YRIGf16PJa2shD",3
"R_2CptgySFCdD1K5P",2
"R_1rqc9qLvNu03vWC",2
"R_0HuDEBXZ3BxNi0h",3
"R_2rqIuqTee7Adi7Z",3
"R_3M6dV8ZdvbVQTsX",3
"R_33DpUkKukzoZhXa",3
"R_2CCeHam1G2gOh8y",3
"R_1FEerxbp2OBvJyP",2
"R_1OwPHmxBaFuAS1q",2
"R_3nMiRw4shx6bl2P",2
"R_1rJ5snEIaDSYcnn",3
"R_1jk4bECcJYnwJ5x",2
"R_3NFoQj51yPZZy6Y",2
"R_1msgjdqXJyBL8uJ",3
"R_3IQaxjhPOxaFJ3O",3
"R_2f8uuZBnUJ3Fr6f",2
"R_2rA82heHAv0b0jn",4
"R_2c6ZPDvvitYUf1E",3
"R_xt1sEBScdPLKPhT",3
"R_277jw2dACBYPLk2",3
"R_2Cpizjag5FXuVyX",2
"R_3Mh6QfuokUtxiYf",3
"R_3fvEWcFZVxRnkOQ",2
"R_2b3rWdtxovRszfm",2
"R_2YmiCqtyRRmqGj3",3
"R_RhiUIvJQ2lPbhap",3
"R_2QKhcChxM8s25SS",3
"R_vqcm4DmND1qVNQJ",3
"R_1rCUSJlDlnXVC1y",3
"R_3NX1XMFeTwLlCt1",2
"R_1LA7EtbBxPAL2qa",2
"R_cYYWxKOcONijB4d",2
"R_e3TEXVg63aHzUHv",1
"R_3oT1WH4NoaCSLkH",3
"R_2v6YXQIISUe7ROI",2
"R_UF52Dim93HpU7Id",2
"R_1QgWXnlpERvWjrY",2
"R_aYp7TYN8pNsU6lP",3
"R_9GKdL1PctL2H4OJ",3
"R_1OpmXXHjsxHBvog",3
"R_2f1kM62xCV8fir6",3
"R_31i2GAL8OJZdUqq",3
"R_yU610Y4deDO9Q77",2
"R_TcSJ9ex2QSL6adP",3
"R_21cTMQKilozlXBu",2
"R_1Nnv2IYQFpUwHrr",2
"R_3I9Pu8iauEcOx9A",2
"R_2aKnRIuNnEcqWWn",2
"R_1rHP3EmlowTtvaq",3
"R_umqcgydTy2DwcBH",3
"R_0e9mwIgnQ7UBcGJ",2
"R_Xk42yW3pfoWC6Ih",2
"R_2c2zFkBJcs7MFXI",2
"R_1GIfjocF2dRzyeH",3
"R_262xe1Uv99c2Nwd",3
"R_Do8gHEUnXT7Wxgt",3
"R_2cozRynbM2kFaF6",2
"R_2coOZoRiRqZOdqN",2
"R_3Hhlv3A6Jj4ne7z",2
"R_2eUWEWjmzfqQgCx",2
"R_1rv6C0xXvnmfYMh",2
"R_24INqi2ERG7Q8v3",3
"R_qxYfYpT6Mf2FhKx",2
"R_OQeQHVDhrK9ane1",3
"R_bKt9Z4amoZXnAaJ",2
"R_1jUkyJVRdxgQkcJ",2
"R_3dW9s3p839y097G",2
"R_31gUuqxSkTAfMPg",2
"R_1MYdjbgZgAAC4Mx",2
"R_3EhR0fMrUnhxkXq",2
"R_eJOowyeZRgy7nTH",2
"R_1Qa8m0zuQtcKx67",2
"R_3fdWUgAWjxIhg6r",3
"R_cHesjuc4lBb9xcd",2
"R_ag6T2MYYTL2eE1j",3
"R_2XpoQZjmJ9BOKQR",3
"R_3im9Cg30Oip8HJG",2
"R_1P12IAJWGMZsnVd",3
"R_2WVFToWQi393WIA",3
"R_ZluO0WXbB2tgciB",3
"R_1OOHz5RhknrMb71",2
"R_2q8FTalUrvHHhJj",3
"R_2qENkgJuEZ3grIf",3
"R_1rwP479XGz8y5Wk",3
"R_1nSXVl0LaFfKuDi",2
"R_9nnGvmGc1ixr3dn",3
"R_3nDh4AoRXRSEbiR",2
"R_Atyfw9lzMcutBRv",3
"R_2f2HuzhFg7Fnduq",2
"R_3FLPTTSok3w7jnv",2
"R_2cA8go1B2rU2JtD",2
"R_cucdDIXhmDRBfZT",3
"R_3sb2sCJvT9LuCId",3
"R_3iDNJT0LRidKDuN",2
"R_2R4f4lluvVE0PT6",2
"R_2EcrBnvSSbcqsl8",2
"R_1f3LFOK55u1EHpB",3
"R_3339NQMzeTisk3b",2
"R_pFqYdytA0jrgmOZ",2
"R_XX4679ZDUYaKZTb",3
"R_1ePQwiSF1D69tzb",2
"R_1OpBOVBIiQpQOdY",3
"R_1hM4zTeS8PBpbvb",2
"R_3KE0mQaK5xihhMb",2
"R_1d53jiCj5wF9MDy",3
"R_2agW9mQow8LMpEq",3
"R_1jqSPuZYWmB1gv6",2
"R_ABvlCpe049QrN61",3
"R_1gvFbgFugRtlqwg",3
"R_2CNCdSz3Pm4L8Yi",2
"R_3JeIGQh3DalGv3u",2
"R_1In6bbPNQjLRhxu",2
"R_10HG4OAAtFluUS1",3
"R_2alEUsLBV9uZSKj",3
"R_ab0QXkkUTrlg2KB",3
"R_2S2CgleghqVouH5",2
"R_3GkT1UsAPrEwdXE",2
"R_1FzkhYhOpeojsYt",3
"R_3PvFbT0TE2uKxjr",2
"R_2qeXZMff18m7VYW",2
"R_2UVZt35HGVmsoum",2
"R_aVJqrvifyzC8qKR",3
"R_3G1jK0qoLtI09ql",2
"R_1OqVCuM7fGds9xh",2
"R_1dAp3oDIZaH4ggg",3
"R_0TjMwrWLbhR338J",2
"R_1OYNqFNHdMPgU8R",3
"R_1eK7QgmUExJQ7Dh",2
"R_1n1v2rlOuRZSVHe",3
"R_3NXvTARqhWKWlg8",3
"R_2eVCymbtZ7HEoUB",2
"R_1guTDMu0slPAhej",3
"R_3il4iRZFXETKegd",3
"R_3jeCszdGae3Pf7T",2
"R_A6YUvQpa9gfcKRz",2
"R_3jYVHJu0dN2OgpR",2
"R_USc2JrcVi09Tvln",3
"R_3M39OCZGobXG2AN",3
"R_2rpe9EWNVpUsgvF",2
"R_2BaEdBiHdzJwaqI",2
"R_2bVQmKqvWLa097x",3
"R_25LbyNi7m1rmyAQ",2
"R_2SHTXyLNJsIiqjI",3
"R_2RPrq50LY9ibnQU",2
"R_24i0mUSZwuZUkFB",3
"R_2RUJuDHC9no4oe2",3
"R_1QtkxqZLOSdoIDI",2
"R_3mmcUuadJoTFzsw",3
"R_2UWV48wISmhfYqI",2
"R_3iUbXeyRSJrM5mX",3
"R_2ylSbd8k18avYSm",3
"R_1OIDizdfPJbwBnV",3
"R_3lxcBC8s5fXjDkC",3
"R_22lXuLrKWHb829H",2
"R_2ccFg0mHox1ElSE",3
"R_QlCM5cyqADTpz0J",3
"R_2VEjaDyhAdA2o7W",3
"R_4ZKWBs8TstBB0Pv",3
"R_2V3AHWuz3pHaB7H",3
"R_2P6HO9T6VGYEUQP",2
"R_10PDLObOugOU8tc",3
"R_1LFEtkSrCa4Ri46",3
"R_271BFns40qBDygZ",2
"R_2Ve98NPCnS8wzMk",2
"R_2E6m9YqpJPCG21q",2
"R_2XbMfw7iPCOBI3Q",3
"R_3lMqHBzl2gFmIku",2
"R_DAfQp2Y7dO2oVvX",2
"R_1jdl7Yvsf9U7zKv",3
"R_1QuSUnjdiniq8jy",2
"R_2dJVmHgMI38jr3y",3
"R_3dS1nRgjgsfkhHc",3
"R_1oz0v0ZOUMJu105",3
"R_BPpVPmbTpGsXK1z",2
"R_exOdJ7Ei3TWwP4Z",2
"R_2e2WQWm1z9j93zW",3
"R_2zeg77xLv8vJ8zA",3
"R_29iXgeacv5R6Qm1",3
"R_1gO6r9C8The1dP4",3
"R_3GwCCWUgtO6KqAH",2
"R_BMljzxRqX0cNwBj",3
"R_3scNGfAji76NAQI",3
"R_smUxLAwLx5eXaWB",2
"R_2bZegGjMiS1Luvj",2
"R_s5cDQlDMEVbEmsh",3
"R_2s0jSMfxg63zSw5",2
"R_3KO5gn8V90pKQAC",2
"R_2q7CELN85B8I2qU",2
"R_uzdxxpucUQeAvUR",2
"R_7WCRjBdp3UTHVSN",2
"R_yHZisWoMcq0JGiB",2
"R_3qr1mPnZ58HNibU",3
"R_1nORk4YlSycK1zx",3
"R_2dF9dY6XnMjOapK",3
"R_2U9mEuhxpSv5aA7",4
"R_3EWk755Ir7OPrZ4",2
"R_2bV1u86jJhXJh7j",2
"R_1BVIsogXx71n29V",3
"R_6tG1HcvdSCJZ25r",2
"R_31A7MK65zEMwnkX",3
"R_3hygeiwrIWyyfQE",3
"R_3HTY4DHoMm8pvu8",3
"R_1g6IilzUPP9npt5",3
"R_3n1U04VYrBKdqxs",3
"R_3R1KauXYVqtTkec",3
"R_A69y7GWik06Y6EV",2
"R_3KE1wJQwNJHPIic",2
"R_3C9mWQweEu6HA2J",2
"R_2AHzIRVacBX5dji",2
"R_1PYj89tLuB6NrO0",2
"R_ylOBrVB1Y3oS7yV",3
"R_3mduGxyjIbBNSsm",2
"R_1N8EWV0P6ZdrhpK",3
"R_2s4n0WZMl82meOT",3
"R_21vtzOUrbyaVnsL",3
"R_3p4tQBL8E8GkXCI",3
"R_OxNH1wcmFs7pICR",3
"R_2SDfLbdsggP13gM",2
"R_2q1T7bTpUriDg78",2
"R_3QQNjQSqHgdtjNM",3
"R_AhNiHUaRBzQHY1b",3
"R_z6wrYNsvTbmmmQ1",2
"R_3jeSn7L9iG6QYQH",2
"R_1Q0MPooXbStQQhO",3
"R_1LMcU7izBtOlnNn",3
"R_rlhJHhoZKaGni6t",2
"R_0MwMIcbYO11SOwV",3
"R_2RO1woXi87CUxaN",2
"R_2PbSVE0LSsvWyXI",3
"R_2znDusnDkfyOj3m",2
"R_3Mflr1c778ZI5bw",3
"R_rrtchX36usn87xT",2
"R_2fusKB1BrcMCMWB",2
"R_z0tGxPIeWROKpax",4
"R_3Rxv98PtW7DR9FN",2
"R_tPQs1KqvZ8UQCKB",3
"R_1JL4SqKTl0o7xEN",3
"R_22FDJUEGrcHh4VD",3
"R_3q7gu78u8KAWt33",2
"R_Tnr9VpjriIG3RYt",2
"R_2YynbgGxQgA13bf",3
"R_1LMuiHUY0gK5lHE",3
"R_3Ej8bcREI0F3eu5",2
"R_1k0Q9IrJcX82jAz",2
"R_1nSZ41dwhExEHOB",3
"R_2BA0Y3Cy0zVnisH",2
"R_bPptIhTNoGD8H1D",2
"R_OuTqQtcr44LOrMl",2
"R_qXGZCLAtwPxVcAN",3
"R_vD0774kjU7BArKx",3
"R_AnCSulgtMxt1B7j",3
"R_esxdPAM8ijyQQp3",2
"R_3ew6vwG8hpJavUw",2
"R_1msYd9aPVkQcY8T",3
"R_3rU75iBkJwlbwFC",3
"R_pGUKBraASPz0xb3",2
"R_2wgkavEdhrRlvNM",2
"R_2fqVnvxjsSVrRDe",3
"R_cx0iZtX2yCRLnmV",2
"R_2diGjJelIirkHCV",2
"R_ZI7koGyz1xd8QLv",3
"R_3ffp8zARsGqkOER",3
"R_3e8qukcDiaT0D0g",2
"R_abKuATLfANudhTj",4
"R_2QoKsJMXOFitzk6",2
"R_2rv97sVPbSunBQO",2
"R_1llE6a2soYDjvyv",3
"R_1QtQEfi1VAWgRM0",3
"R_3oZ99lFKWK6plDp",3
"R_yBLjvwb8CyAH65b",2
"R_3Kqq6OvbAB9KhtU",2
"R_1P5ErlPGjubgaax",2
"R_2X5mdNuURaQh7R9",2
"R_3DdxQK745EEWMzm",2
"R_2tajYnRL3lW3Bri",3
"R_1JDsMErIBkh4e3h",3
"R_PGIGHBTSRs2tRMl",3
"R_3k1EuBwlZyentTb",2
"R_6PPrjURdBcjGlFv",2
"R_2ZIHUKwXYNXR0DI",3
"R_9BuaSujzfvulXoJ",3
"R_2wpJ0XbROzKmDK2",3
"R_1me0lzzGKNICzOj",2
"R_1geFu1kcfEuAtA7",3
"R_wNMlQ8RiLlFPYTD",3
"R_vwD1DxHBT4mOwuJ",3
"R_XsQ88Q0fyB4ya7n",2
"R_2AFgFpz54dta2Rq",3
"R_3qNCb8RtOhoCGRu",3
"R_1Cxudu8A9eVd1uu",2
"R_3snu0qVjBc7T976",3
"R_1C9JNFshblsSjyF",3
"R_2sXtHG6ikT7UnOF",2
"R_3OkQef19KXJJE3U",2
"R_2XgIs9q9SLkpzcz",3
"R_2o7TURimZ8Iz6TL",3
"R_2YAk7iAuNrR5Dfr",2
"R_1Q3AyE3HMTBGZ4v",3
"R_5dnnO2In2cjMUCZ",2
"R_3PEU95PbgCXrIQl",2
"R_2VNKgvs9hlcy6RT",3
"R_3NwjInmUfwSYtmv",3
"R_1HoDTPQVCFl0O3q",2
"R_2S31vSPrwOLWHLA",3
"R_27TjWpxUwC1S5eE",3
"R_Rz7BADJXe1GMWQ1",2
"R_2Cq5Z4QKdtxJfTn",3
"R_2PczkBPRGmqC8Ru",3
"R_1ovTLgykjbQcYOB",3
"R_3Jx8193TYiav93D",3
"R_2qlPdIFErDrwMIT",3
"R_0cS0LOVu2KdO1ix",3
"R_2uPP0QfWOUs53oX",2
"R_3nTXPx2pVs4fP3S",2
"R_1Kj7uR43IVKeTra",2
"R_1FvyK0jRfjYmXQd",2
"R_vP6Eg9Qx0U5fX0Z",3
"R_1NCxClJRs1CoC8r",2
"R_2c1s3BLAcJcVmii",3
"R_DbFrDTT5RISSqBP",2
"R_0D6LkYgiPcEN117",2
"R_2bFoMr1RQvP1aLL",3
"R_1GwfxDTVD3u41f2",3
"R_DlcSFSP5pIpvtdf",2
"R_1FCCFzxKwErO5Sp",3
"R_3PyJEoMJ2wYxMeW",2
"R_2ahkbz8YjmE3vuw",3
"R_2S0u8lcDVOW3xTU",2
"R_b7z8AzmkKy3gNAl",2
"R_2BriYyFstlrx4JH",2
"R_301MA8iy9GwvVOe",2
"R_6Ll5Mpx90m0Csz7",2
"R_2YKwm75bMpyuLW9",2
"R_3nCpLzER7Xd2auY",3
"R_BECXLkQG2MgK3CN",3
"R_XSQ0rtJL82sO48h",3
"R_2WUO75pc34ZmHIV",2
"R_1OoTwO6DAhxUf8x",3
"R_z6exGW0uhSCNHDb",3
"R_2CVcd0LWcIXgOOf",2
"R_3n91eij0t6iYpZA",2
"R_3EKbufgfGp0iJqN",2
"R_pDvN5mXVu1pmtSV",2
"R_5vBegJGWq4ssxxv",2
"R_1kOBxcLVwsZHQ2N",2
"R_3sndFbEFEkqUPZg",2
"R_Wj7VKgJWJGbo1zj",3
"R_3KOQ7I1jGHLv7pH",3
"R_3lrG75UCQA6dT2c",2
"R_3qasyWogYKMo0FR",3
"R_3hgutPlXDzG8Ydb",3
"R_43dTW1DrJmC9aGl",3
"R_2dYdWa6vmPtZBmi",2
"R_3PTYPbg6N9x8PBX",4
"R_2XnTa8UZ2c0QgRw",3
"R_1rkUn6bWRLPJ6Hy",2
"R_3nckXobICRGBIZD",3
"R_2azdeUYMtQ1OJih",3
"R_2rY2mk8Uf0zUqZz",2
"R_2rUZ5OWKwvV0JrM",2
"R_3IDsfmJTCTANGJr",2
"R_1PYPmKqQr85ZxYc",3
"R_1j94mEhxc5e1XDh",3
"R_5oJ5K2mLMySYVVf",3
"R_1CIOVoUy3w1iF6O",2
"R_3sam5z9rgQl2DDj",3
"R_3RvWAoKmyrRWhnA",3
"R_2OTIQ8boNbA8jt5",3
"R_2uZYpmYB7LyojRr",2
"R_poAMNEGUrLMuPQJ",3
"R_0UsrHmkw7rRzoeB",2
"R_1Qcs0yA8Nr6teOo",3
"R_aXKdpMinM7xCmrv",2
"R_O8Wb9DhS9QWdXnb",2
"R_3I9lfJCbLgXX1Kx",3
"R_3KvgBFUDLrixRfk",2
"R_pSqKYKXibjE1auZ",2
"R_216bCmDHZYPaK04",3
"R_OqFCNCGYAFOqwAp",3
"R_2QfACJcif9NnW0C",3
"R_3JeCQU6faeEMOg5",2
"R_3IsVeutDyfOL4I1",3
"R_2y47f0OMWqlHGi4",3
"R_1qU5mT6xlj8KYSL",3
"R_0BCm9hRP9iTI081",2
"R_vMijnnNdSbSLScV",2
"R_3GdnvxSWjKsWkLO",2
"R_2AKmlpuYamEE1sg",2
"R_1MMP47rgh3ubRwP",2
"R_4GvI4THH986f6nL",3
"R_10xh23ROf2jC9rP",2
"R_3ilsBGL89rupTmV",3
"R_1N9qRfxsySxBONQ",2
"R_pshekUBx7f5kZTH",3
"R_1NxFdNqQPtjjSci",2
"R_sXuXLTWQhg4zY0F",3
"R_Y9umn8jRAhKJgTn",3
"R_3CPK4Ao6WTnMD7n",2
"R_3HwyBgrbG8FttC8",3
"R_31ADYMez64zKe2X",3
"R_1MTfhMzI3ijaGhX",2
"R_1NySziOu3paaWyj",3
"R_2VCMiRJVXAvWTen",3
"R_3QGjg7fp1Kb6J6A",4
"R_2QlbbNmO9Ln2Sii",3
"R_3Wf6lQWPIfpWR9v",3
"R_2D0l8Hq0cs2tG0W",3
"R_111Pbqb8YG1rP4o",3
"R_25vIhDjw3kwMi6m",3
"R_2BxhxogZnX0zogL",2
"R_2PolzJvrZL29iF7",2
"R_2QFJ3DY729sxK7B",3
"R_sUzscjsDHiEXWF3",3
"R_CfdgFxEV46OH43L",3
"R_1GH7N5dBHvUlsG0",2
"R_271gbx8Pps8AMbt",3
"R_2eRWBFkVnLg6ueY",2
"R_1H62mXmUtez2cIy",2
"R_e8QiCYlt9QZgAKZ",3
"R_1f8djFeX49OmFTe",2
"R_1GNwNjI3wJh2Kx4",2
"R_3HAe8cULrdkI2kW",2
"R_RerDmi1QA7PsovL",2
"R_3nJBm8m1q11DNNU",3
"R_z6D8F2sy3juEscF",2
"R_2YgscGGqQjXeGhK",3
"R_R4559mlehOHZ1bb",3
"R_Aiech2hqSMn7hPH",2
"R_1f0BheVrUHXS92R",2
"R_3EEZcujUuRoad1F",3
"R_3QXmjU2EPi9j07C",2
"R_3EcHXiW1yKkyjDP",2
"R_3KI0Q5yJYxm1woD",3
"R_pzT5qBrU6gVULTz",2
"R_2xK6jrLgatky4Bp",2
"R_2dp9d9leOJ6XXbN",3
"R_2VIWjKayaOipDma",3
"R_3qeBHF0c3AIcSo8",2
"R_2AQiu69aAVY6utf",3
"R_3NDry1LyvCgVPFI",3
"R_1mCx1yadrDajX5p",2
"R_1otq0g5FLSi9hVw",3
"R_2PyR5zSbB74ltZ1",3
"R_2YV9FbQPr8SnA0P",2
"R_26mBrU6Mdo5Efce",3
"R_23V8820W0FIJSgd",2
"R_2VJ8X7CyTWfrVn8",3
"R_3HZXXVV3o9YAbej",2
"R_1hEWpYpOtz5HjLJ",4
"R_21oJWIgfHT7JV10",3
"R_UxUPzvBlS75I6ul",2
"R_2Vx6HINEcSJWbIz",3
"R_3PF5obiVCGW1AU1",3
"R_2dlRQrBO4HHFGWg",2
"R_ANwEtKG17PHMAsp",2
"R_3FWCS2UtcCmpn3R",2
"R_22udnXca5oRyxME",3
"R_2QtiIPWanuleOw1",2
"R_08uYA7fb4unHGkF",2
"R_2Ck8lsGxJTKsGgy",3
"R_1LI4sRCOpeUEw4V",2
"R_2ClhUlJ48Q5Z2fx",2
"R_1dvtjhAKJGVZLoc",3
"R_3nSJD4LXFEuAzcy",2
"R_1rwrLVr6jBONnIg",3
"R_2PBGUY8tvT7VTN2",3
"R_2QMWZw0JtTsvBVk",3
"R_1gzQygAjsb3mSOD",3
"R_1LjSgCvVRqzw9aN",3
"R_1l4B7ylbckFqoCd",2
"R_1KloxYvQthvrytv",3
"R_1fgdpQZVwvCODNQ",3
"R_spdTY0Zb03DpytH",4
"R_3hziTi1fc6wdAWq",3
"R_1NEVjqnQFBlnPsg",3
"R_3yP0dCEmw3NO8lH",2
"R_27HULKeImqXF8ij",3
"R_73YcJcVUWDBinUR",2
"R_1jrX9pmBJE4R3hF",2
"R_323eLlTqyrDLgr3",3
"R_9S5ZvGThjyy3CAF",2
"R_3fB58oStn8JMg7g",2
"R_2foDWbM9hrc4GlL",3
"R_1OYP3LK9YZu0Gig",3
"R_2s0ZYOLIZ0gImsu",3
"R_sCongk0nWsTbiM1",2
"R_2QrIY4M7cndTBf7",3
"R_SDA9FNV5BkNoxPj",2
"R_Olel4p5FgLnzHVf",2
"R_1CBcqx5T9GZcMRt",2
"R_3mZSKZJM87PlEZg",2
"R_zd4E1BgAdaM2761",2
"R_3ffPASSeGwx1hdI",2
"R_1Eb0TuKdBzAPRU5",2
"R_1hAVS3ZdQl1yptv",2
"R_1k1zPs6FKsqm1Ib",3
"R_1jxgzw29aqAAA49",2
"R_1oiNHhsqcjHyaxb",2
"R_x5GoMYckvtlyfg5",3
"R_1KwJ4svzD8bxfTs",2
"R_YSl6RLgAiesofPH",3
"R_Ustx2pCsHOtdxcJ",3
"R_ba73EoTEt4UBcWJ",3
"R_1mkC8WSOkIEioTC",3
"R_1mEl7bQFxeR8t4T",2
"R_2fs0Ps4LT36ylOI",3
"R_2A1ndNJQgbHz1mr",2
"R_2uwA4OirDadr11D",3
"R_2uQmjFq5KdiB8kx",3
"R_32VlHVeRo7xTWsZ",2
"R_2Y5FZROYd6S1JW2",3
"R_12n9t5TqwO3mn6n",2
"R_1IQJmGpHDXC3ASx",2
"R_2dWRc2LodSZC6yT",2
"R_3m1ShFlOlf1Iopc",2
"R_xrT6mb0siRaur29",2
"R_UVL99rIVOk3yOFH",3
"R_UihNZwbPByeeh5n",3
"R_3qI6fUp7Ii7Vp1F",2
"R_1kFTMrVOWJRG0PT",2
"R_2alXU7eybD40gy7",3
"R_1Lcd7C42dsaZUig",3
"R_3j0QHyrrVmuYEp5",2
"R_7UmaiwAnrKe2isx",3
"R_3Gf6woMCZ2534lI",3
"R_3NO5X4vYETLCQOg",2
"R_2tKkkn9kmHShB7q",2
"R_1eQnJj8K1vtPl5u",2
"R_XUkFqv28ZmOyNBT",3
"R_3e8KYXycNUjqIsE",3
"R_22RkxPVW3ypCgrG",3
"R_273Fv9uLHEkq2as",2
"R_3OlHVBLSCLnnRNB",3
"R_2Vky5Hd2QCJTwJT",2
"R_9BHb7AqpZz3bNPH",2
"R_Ybh09t36EFaS3jb",3
"R_22YdEF4Zn3bvwe6",2
"R_2TZbGs7PnuXKEr3",2
"R_11cp7qScmrrE4EF",2
"R_22JMARsHO6ixPfT",2
"R_22nsUyYCxtQPQIk",3
"R_2S8hrusB2bp2PBb",2
"R_XSVsVm3kojFdmCJ",3
"R_exnLc1H6oypi9vr",3
"R_3shNVb5zIThSgqn",2
"R_1i83AJpfSwgHIZy",3
"R_2sbEmqvoBWjZzV9",2
"R_2dF6KFGsXpdTXQs",2
"R_3kKSC6QiydtsEHb",2
"R_bvB6935ZyXpoL5v",2
"R_2R1EvJ8XC7pZDDn",2
"R_3spECEC106iOjR7",3
"R_1K9f38YmK0xZOOv",2
"R_VLmTvhwazA2Ng9X",3
"R_3JF2ybHtRoivZJX",3
"R_3NQyjCbeWDx3POa",2
"R_2w6sfkcYcD7MJM5",2
"R_3nIaYDeClQRJTAk",3
"R_3ffvBweXrgA7nbH",2
"R_33kcOqAkuOfPeI1",3
"R_1k0jNifwb1pjiE2",2
"R_3EiC7G3wrw70mky",3
"R_C4wcuNpetPCSHy9",2
"R_3Rfsp3px7S3UnTK",3
"R_1jxrONSgbKndqJj",3
"R_1lxYa2W6GgcAQ19",4
"R_3CUBiXKNjzw5DhV",2
"R_3fVvu75IqhUjuUO",2
"R_3prOFJ94bnkAksv",2
"R_2y3gu6t87ClzJG6",3
"R_2QEeH4ETBBV2lPr",3
"R_3ebnP0qUIQ7u38i",3
"R_2WMQprO1e6US68f",2
"R_OfntYUzw43qHbuF",3
"R_yjtE8lkYYwStlE5",3
"R_1ouMT1Wc1YZ5fWI",3
"R_3J1MGyDr8hZp1sc",2
"R_1MTbVUzYEQq2MzU",2
"R_2rTKqkY0B6KB2Gl",3
"R_2rk0w1x2224E6dJ",2
"R_BzVyOXYGcejjaLv",3
"R_3mZKz5nOdwDq9uV",3
"R_2XhQI2sjxP9OIhX",3
"R_UWoHCQ8zPRgM7hD",2
"R_3D624pTJqKkE6ko",2
"R_voSNwyVcZWdCTJv",3
"R_BD2Y3Wa4pXBIsCd",2
"R_CZAtNBjMUIwIHnz",3
"R_3Jxiicg67etW2yt",3
"R_3hirVgfnDloHJmJ",3
"R_2QxhYoQlRBK7D8d",3
"R_2PcESd79zlVjd8V",2
"R_3rH59HJ07Cek09s",2
"R_2xL72Ej7Q0oyU5W",3
"R_e5wjT12SRFbn7Gx",2
"R_2B38co9cwVRvVZA",2
"R_2vYO5d3Ry8qjf5g",4
"R_21t7tPEpo7aTEHh",2
"R_u3TWbOVQ8LPktP3",2
"R_2wM52HPJHb5tspT",2
"R_3qVzNrS8zs5FU1Q",2
"R_1hLPyY3aamfi3xT",3
"R_3hmElrazixrEM9a",2
"R_1pL4BK9laiUNvWN",2
"R_2R9xo9Nv9razqCD",2
"R_2R20tGsAciB0E9U",2
"R_1IZrt5CyqgTg2Qe",2
"R_wYw9zsyeoxMgxrj",2
"R_1lgUY99cBP0idWY",2
"R_3G8qdj0XUDaKK0r",3
"R_1pMUQH27gPJQw04",2
"R_3gYqX0FOP85dgkR",3
"R_24NTzsFaCm0NMwA",3
"R_3DteNZbN9pZ6q6A",2
"R_TtK3Qkb3c3EIeoV",3
"R_afpraFNVxBHgh7X",2
"R_1r7hO2SIueII6PO",2
"R_BQuEGlNOv2O8pUJ",2
"R_3gS3BKOIcDGgU6n",3
"R_2ri3AN1GYn5VV9a",2
"R_eqHpZiBWKCJATtL",2
"R_3s1z86Z2eQUYz2Q",2
"R_20Osd2RzVE5YY5I",2
"R_12yXy28O9QWzFKM",3
"R_2YkUPwjQ50TEEjq",3
"R_1plN2AGfPYfGLdD",2
"R_3OTpmi8zOmmFI65",2
"R_29mKAJoipAmfUj5",2
"R_1KuRw7yqmhN2In1",2
"R_SDxHC9YZwYTKedz",2
"R_11XEE8cl6xnH3oW",2
"R_1CJSAA89V2pN4FB",2
"R_3MlJxsiMykJn0pX",3
"R_tY9q5vSaULImPzb",3
"R_3kpwfKb8JMrf6rl",2
"R_3R3JKxSlee1wkdv",3
"R_2yaoRp2ppYTA5oe",2
"R_2RUDh7piHU7frzt",4
"R_2tygtwTlYUSUV1D",3
"R_2w17CtGEJgADOzx",3
"R_29bwiW5mHQ591tv",2
"R_2S31p8yhb8bRYXo",3
"R_2pJetPJO8BJM07E",2
"R_1jy9KfiKtvt9p6B",3
"R_30v4IsTwlZaxIiR",2
"R_stlZoEq2uXlPW37",2
"R_3KBI2HIkwSKHEOT",2
"R_1F2tvNSRK2zrouN",2
"R_2ZTFfLAcuwm22Yh",2
"R_3L7NpSc9nqAFvjF",2
"R_25ZPSeJQqBglbHD",3
"R_etgq3mVPgoz8CyZ",3
"R_sRSLCxzK04aJvhL",3
"R_DDculEvWrVVI5aN",3
"R_1QF3XP54i5CY4l4",3
"R_9yOmfJyU0rNZGW5",3
"R_1oHiQI5hcXpntpV",2
"R_ebblotCCh8G6Ddf",3
"R_2EBrYkcmnTSuO46",3
"R_1gqiVdGSNtyWfir",2
"R_3QQSKbtqf6jNcek",2
"R_d9Uxvmk8nrY8YYF",3
"R_1QlNhkrA0pIwVAs",3
"R_2xLvxRKX2448l9k",2
"R_1ePFtJLT63QEZUA",3
"R_6xIfoIXCDVAT19D",2
"R_2y8edrQ8p3nRu8v",3
"R_2w5eKwkAHxducy1",2
"R_2wzatCV9Z18xLF2",3
"R_Xilms2p1sQqPq4p",3
"R_2zZILpCYQulMji3",2
"R_77MJunrcOlZvQNr",2
"R_2cvmrv8q51q8yh1",3
"R_cRXd8L1JLLMWpzj",2
"R_3QWVkEj4wPKl2hF",2
"R_25thHabUddjXGzt",3
"R_3HS9VTIlBMhL0Sd",3
"R_1FrdQkXjcUod40Z",3
"R_12AB3KkLYxo0JrO",2
"R_248HEjiUt8tw60V",2
"R_3qlpHTCbvmvvGuK",2
"R_1mqJlKX7N1NOaMS",2
"R_1QfRrCll2CbcTFM",2
"R_ewYITD6s7d1M8Qp",3
"R_2gfcoSzxRJDOfdv",2
"R_BFUS5gkEHAjnNVT",3
"R_1gqLyTkPG1T3QKA",3
"R_bdsqSI9qvaD0FEZ",2
"R_3lXMRkdsyNZnsV1",2
"R_0wCTiXC54rMN0J3",3
"R_2cdBFX77dZBSWSs",3
"R_20O6baqxT4T2CbA",3
"R_29uBVByYo0xAXiZ",3
"R_3MsY6hQO6rNgjhW",2
"R_2dRR9SjNrn4s7xU",2
"R_O9FzIlCvCxllJSN",2
"R_2E10WNimiuveGog",2
"R_2frj956dhgNpdqD",3
"R_RfThNEyjDIX9xwl",3
"R_UEke64xAaOG3mTf",3
"R_3MF28eq3M9qFahB",3
"R_AEBbAiW2xdXI2at",3
"R_DBhzVeGIG4SLSYV",2
"R_2P1kvyZGc8VnwOq",2
"R_2ebyEGI9jY5WIax",2
"R_2zFOAC54lD4z6uu",2
"R_22FSIF8elLuTFyK",3
"R_22QYpfx86KSwry8",3
"R_2CTZpyWT7zqd3ba",2
"R_qDgNxS4B7sCvF2V",2
"R_1Cx2TzfSj9KxVhR",3
"R_3Gx4NtSW5BDHYaM",2
"R_w4X9FQneeSrzuE1",2
"R_1NqqyzucNoF60vO",2
"R_1Fb4EL4IE75q7lf",2
"R_3Dh96T8BVc7DG0Q",2
"R_3NwT1ZQQBtYqBaM",2
"R_2X6cD7g7IYVpJnS",2
"R_1l5XwZ4YjHH4eUg",3
"R_1qgQimbKowqGngY",3
"R_Q9pXsMC9dL6xx7j",2
"R_1n7TASZb65IwVOI",3
"R_bHPddsX5H49vNL3",3
"R_RK5cwWjrNzWCfLj",3
"R_aVslz4Q8yi9S6Cl",3
"R_3KuqO8GUtlOddwF",3
"R_2WAagX64hf1kdMI",3
"R_2q2hekIiutgInrE",4
"R_PSPzdKfQKjUwhHP",3
"R_AKBlDprDMrv4M7v",3
"R_2BbRHkapw0FWoFx",3
"R_A1fku0XPEwwfhC1",2
"R_2U3f0mE7ZGgYLhZ",2
"R_1gdxq5ThtPhD06I",2
"R_2t3ifk3xBqzIWG9",3
"R_2AXcJk6rRN4M33l",2
"R_3ez7TNnB78XtMa7",4
"R_2Y9fPhqa2Xf2QdZ",3
"R_0PMwN9mAFvSiMiR",3
"R_D8LcojwusttCWaJ",2
"R_3OjDexwqOJReNX2",2
"R_1PUcgnVG2i0EBz4",3
"R_3OiFi32OvQqXq3h",3
"R_beFwerGcbqawgBH",2
"R_4PhRzF4UI9ooLh7",3
"R_3ErQCzsLvW3VNS4",3
"R_2OHgbfVLtFIinBW",3
"R_2XoI6KbLJRGFz5X",3
"R_2QLMZccLATlAlfz",2
"R_1pXW6O7eeECXNNK",2
"R_8kOXi4JuWOKQbV7",2
"R_3KxaCMXQTDz1Z7P",3
"R_1FPtnyDUi83F045",2
"R_1pFnsnm5zQGfh2E",3
"R_2rOPRiLTdvFrJFq",2
"R_3iCE108AGwThd1f",2
"R_2eOt3aWhoJtGi07",2
"R_4YPdzUvrGkSSPv3",2
"R_2e38cV58JaByKpt",2
"R_2aFurnCFaTm2kzX",2
"R_PvwULHwARcFwOXv",2
"R_32RSCpvF0PqDFBp",2
"R_3KJhATrOMBcp80T",2
"R_1OMKeKICcW0F652",3
"R_2dEe5MXA0pGB5Fr",4
"R_1dppjLIFEdj7Kq5",2
"R_3gUDV8tLJhmGAp6",4
"R_xG9dnTy0x7pDLNL",3
"R_2zYlXrEjCOJLRDn",3
"R_3EsdYJiok38Qvto",2
"R_2t2UfXrRfbnyKGU",3
"R_1FOIfMkxbOPrpSF",2
"R_21BTXJTPRkjhIWZ",2
"R_2UfTIFhpicfXgPX",2
"R_3HOBBoXFv9dlgeK",3
"R_w7a7YDkfvtMXJ8l",2
"R_22MjQTlyz2qtejW",3
"R_blmQEhOrCwpqG4x",2
"R_3O9chQITD8LhmdS",3
"R_XBcuYV8ItZHNRIZ",2
"R_Q6WPHvxgbOBjvZ7",2
"R_3Pwa112XZRRejbA",3
"R_2wagDt0ZaSu1p8q",3
"R_6fzbeTqbnF0kBih",3
"R_2RVXjEovu4Y1yen",3
"R_2Wu88yZoHaNzChK",2
"R_10CAlrx7dbJty9R",3
"R_1OJZKQM4ZrHncBJ",2
"R_23ZFbkgM7lOo1QE",3
"R_2ve3990Y7TsELdq",2
"R_279iRKETPanvFBW",2
"R_Zn1yhaZTqrBfDmp",2
"R_3GxJF4SnLPfejD5",3
"R_1OB35RwuRIwi8tf",2
"R_2EglJpTWGEiwQYa",2
"R_2cpjBpTxUz0sR3Y",2
"R_3qlnIILTEuzSyGe",2
"R_2qmBBJlcY2GEDne",2
"R_Qp7pqfzWe3Qmcrn",3
"R_1l4zCtGUTvAWdS6",3
"R_T5bktxnjxE8B7ON",2
"R_03aEbghUILs9NxD",2
"R_RRdfI1nTggkIRdD",2
"R_2q89YsopFH6bVon",2
"R_3JxER5vDQfktCDo",2
"R_2sbf0hqTGFb880u",3
"R_CaF1pc8CnyWJvCp",3
"R_cZ5YGfieX9T6Ap3",2
"R_2VC0DIxeSbfkTsv",2
"R_1q7GuBNrrAGdxx3",2
"R_3fBmKcLTAgFITMo",2
"R_3P64vrsfQNNW02E",3
"R_3gZVZu8BJbDN3AU",2
"R_1QgwH8nezKJlxLB",2
"R_2CpozrevorP48sb",3
"R_1MWGgHMNDdqJb2L",2
"R_2RQZEfADuF3JHjR",3
"R_2TKO641FpWMebOd",2
"R_2wBtQSW3WmPZRLq",2
"R_1LFmho6mBajcceh",2
"R_b8UnkZJoU93ZxEB",3
"R_8piDwWBq7V7tyZb",2
"R_2aV7W397pASsmOo",2
"R_2zubfTxgRkZA9w0",2
"R_3HnsALZBCxyoK8h",2
"R_s4I8huB9BOcWI5H",2
"R_ROHAyuym1IR7zJT",3
"R_29b4hgcf5RMk5DB",2
"R_305VVV56lf01p3o",3
"R_1QhEPMXONBU12sq",2
"R_1ISEgH4xrMo9cJp",2
"R_1j6t5KhjtwDhdKa",2
"R_VW1PxIUbWYqPHGx",3
"R_3n5UcqVpRJZsXYi",2
"R_1SvBiUOkCrlBTKV",3
"R_2mAJniG0xVBIInL",3
"R_A1h0ov6aU9SU4Rr",4
"R_2dHhwQewrLPWukn",2
"R_2ZOgImZ5BSZcQoz",3
"R_3nPGwtXdnEI5Stq",2
"R_1Kru2C0Zf28ZbQ0",2
"R_1eLARPfQt7BNOE7",3
"R_2cvgeckGvoIIyzW",2
"R_OOQi6Ec8MNCrIml",2
"R_2fjlGgn57pSPgdU",3
"R_3iECfeIxMUU3Kme",2
"R_3M4YVVr46eJlCd1",3
"R_29tZUWisKTCWczv",3
"R_2DMQ4Npnlu3WWyq",2
"R_5nJr5TvQEWRcsmd",2
"R_3ir5gbFGrLCGWWK",2
"R_ZytPZbOx6EtswkV",2
"R_2OINNCvsJ418e6o",2
"R_2TAYUtpnPVkxsFq",2
"R_6Sd8ef5T0Cvhlx7",3
"R_1C1uOKUbDpVlGeM",2
"R_3fB1NIeE1OGUd72",3
"R_1HjyB8kWn4gmwp5",3
"R_2tfh8CJvJCWI7LP",3
"R_ujIuWv84wBHBgqd",3
"R_3lM81t5RoSQwF1E",2
"R_3EEesqalY2T8Gdm",3
"R_3nC0MSOS4dtTcHp",2
"R_24iLkLePWOZEFuA",3
"R_3qTFp0FJqUeMhVZ",3
"R_1eY3IFJxdbNlGKz",4
"R_1hJWB4rlc8B2yCi",3
"R_1F4fgnTRZwHJ1WY",2
"R_1Qyzwfx5HrXdw4U",2
"R_24ID7qKg4psU9jp",2
"R_vYx1N4Yte3FORJD",3
"R_2dQjkDYWyYNuSjS",2
"R_2zx8WHXVF7bHyh3",3
"R_2pWwhBj1ZE9iNrB",3
"R_279ENCaNyRMf98u",3
"R_e2qhNg35rxB1Pyh",2
"R_3EZrxwI9XaH5BwK",2
"R_vJEhaFmjrt0tGxz",3
"R_2WvawQtC74DuLAN",2
"R_2YYB0ZXHHFsMn1o",3
"R_z7IAIZ66lqLei2Z",3
"R_3qmwh8eXfbMeI7U",2
"R_20rMPVuNlCXF2JH",3
"R_3JJfhp7Z7vUO8K2",3
"R_2VJdNqrMivzixoI",2
"R_SVjRFGTZae7kgBX",2
"R_bPXVVzzUFNDkEc9",3
"R_2pWAVsUj7WsZHLs",3
"R_1o76EOS42TBWhZ1",3
"R_Djcs43mP6ReoYgN",3
"R_32QlciqXM5GfpTX",2
"R_3socPWD3wXD0iDP",3
"R_1Oov0G05pkQnKNn",2
"R_3kaZNpTa8e2pQIY",2
"R_28IDNbS8mqpfyKD",3
"R_2EgloEvdjU98Rhc",3
"R_3dVMhrjV0qUkHSh",3
"R_3GBSX5xvcH0uSyx",4
"R_t0ccZ3CXpzqgSpr",2
"R_UszZhCAHGoQoOtP",2
"R_3MnSLQdJkly3wfg",3
"R_2ZHo9wnvuEIY0DH",2
"R_6oiX8teN1cKlcZj",3
"R_DuXbWef1zRP3BWF",2
"R_2dGaacOj5xLJbDr",3
"R_2sYn1oXcE5aaeU5",2
"R_1jdLI5cWhAhAzSB",2
"R_3GiFHVWzYKHT1F5",3
"R_2zx5hsFmHCVMOGL",2
"R_w0gJ7oIWBd6rcd3",3
"R_pM2zj7XA5ai0mgF",3
"R_2mCnxi2Pst7t8wV",2
"R_UDu8kaov2do91g5",2
"R_3KpaTa6zCZitiZG",2
"R_2r7Zl5CTeW1dMqd",2
"R_3emMy2Kk6GA8xPd",2
"R_128SoytOm4LO2kk",3
"R_prQTemxJzwhBapz",2
"R_QlwQMfafZZuwTM5",3
"R_1QJDCnwRoXCQWZO",3
"R_3JK3aP5uRxffXiy",2
"R_2sRWbepslqKPgL7",3
"R_2ZCwBno7W7PmguU",3
"R_3OfzFpZ2ea8383J",3
"R_1PRE6htgNiTE6sa",2
"R_3Pc1ZZfNy58AvgE",3
"R_cD8Z9sFkKWQbxfP",3
"R_bm9tqlI0FEOQFFL",2
"R_12G93XcmsS5F4Ea",2
"R_32XTYcliABMiwNT",3
"R_27vWugCiFiKCdY1",2
"R_3RfIWA2wGYWt72c",2
"R_27qJlbWdpVVH31y",2
"R_TvDc68p9cLsBbO1",3
"R_sqjjAsz7GATggo1",3
"R_2qt7wi6he67YgdT",2
"R_24OsVfTAzmYHix1",3
"R_vIAsy23dmSRObGF",3
"R_1N1YOGbiFkuF3OL",2
"R_1jYW2D7olhp9W04",3
"R_1kHaryvxj1p3mTz",2
"R_1esG9Jlh9NISLaO",2
"R_dbSABCSEfLdFkfD",3
"R_3DqB7pyNczSugtj",2
"R_2YsjHAMz6J9snFb",2
"R_brZ54fPuiQjRWRX",2
"R_2aPkBpvjkFtR9bD",2
"R_2f3d4w7vqBG6l92",3
"R_10UIzdrJBjoXiRu",2
"R_1NDq0rxoUSu6oyz",3
"R_1TiazSpgYGmuW9X",3
"R_Amq2LudEdwYblXX",2
"R_2mKYTXpTsUEkSGt",2
"R_3IQQB0Dtvv9riqZ",3
"R_2dxMXdrOUumZV2I",3
"R_3mejZzk0xiVLYS7",2
"R_3m3pAF4qi0QYEY2",3
"R_1BSmAJ72u4DLEly",2
"R_u30UX0BsfJQjOsF",2
"R_1C8t1JAe5Wo7sSl",2
"R_2TuFcjWqzxzC2Cd",3
"R_2zl2FPoC5r6TsM6",2
"R_1NlGZCWpxXc8mjn",2
"R_3qahw7Bskcnb8CK",2
"R_2TXBHPMwNAwKR7Q",2
"R_1dFu7LeBJE3Wd6p",3
"R_RPruSl134deuxOh",2
"R_3MGNtEcAhhmZgxr",2
"R_do4VI0ULWmDNmgx",2
"R_RlYyUhsDFvyGwX7",2
"R_xc3pVSyq4it2sr7",3
"R_2X4flRyyhiTPB4p",2
"R_2uOMPdYOjCCWWfO",2
"R_2fxhde3AmAoBQBS",2
"R_2RNW7kAsLnsGOkP",3
"R_2QXq900Df6biUD7",2
"R_0lebhxAsUG3SsAp",2
"R_3s0valWdtzHUuWl",2
"R_22Psw7KTkXTMEGl",2
"R_2UVhfjk1qQb6KI5",2
"R_1mjVHaKO1NUsecO",2
"R_2D2K5rKv8NODIDZ",2
"R_30tLi6WqLJxToYS",2
"R_UQ4pyE8gimCPOhj",2
"R_2axdjnr5pU1XpjJ",3
"R_325wNEypLBLRTf7",3
"R_2fczRSkERZkjyDP",2
"R_28CGXr071cey1Wr",3
"R_A1CRADYHwN0zQL7",2
"R_Ap2HcvpPLRDJv9L",3
"R_1JE35IU6N21ow0O",2
"R_4GvMGh2L2HnebrH",3
"R_3ESuELdvO5mTjxj",2
"R_rdwe8WeV8XZm5G1",3
"R_31H6YJSlzVQBcEQ",2
"R_1DO3QSVDoDTYM4y",3
"R_3lVJM7vRGq2Y6FR",2
"R_3LXVoWGKUJLH4Xa",2
"R_1CJ6LgP7rtL24ny",3
"R_1roblAhHdx5MsWd",3
"R_2wi68bkschMNtqr",2
"R_Q4HF1TW4ZmOoXMl",2
"R_swereIi3z4ijB2F",2
"R_pxy1aQ4R5kzYGdz",2
"R_2qCa6ZE8Ba8iLsG",3
"R_2zAOD6IbPzXuthy",2
"R_1Ff9SbW1Qsyhopk",2
"R_337tSdhyvzT1Fhc",3
"R_3fxhcf9cnZWI5qg",3
"R_2CJ9tQVGVUnaesS",2
"R_OdOK4CH8YxSw3Sx",2
"R_3F3X708cHyF54Xq",2
"R_0icLDXwMGw8dAqd",2
"R_Ox1a2sI5ubUPpzr",3
"R_1et68OMwPsnfEX9",3
"R_2PAUaAgHTLkGxU1",3
"R_1OYP3GlJXueiqir",2
"R_OiYmnNVvK5ABUK5",2
"R_2zptLG1N4t7aBbe",2
"R_3h4JnsfebywTUxX",2
"R_3emgkqNhDINyGIr",2
"R_2c2EaQAx9B87TDi",3
"R_3Pp1HTLxoglta9u",2
"R_A0NgW5hkJwzrsLn",2
"R_3qqdzQnCaBYHx9o",3
"R_3dQ8sLfmOrcPVaM",2
"R_2dMef2oXr2I6RKU",2
"R_3MGMxuOXMpm6Aje",3
"R_SSIp9k1v28goIiR",3
"R_1F57CbiIhh4rOKq",2
"R_3G6Wcp7d0HrvZcR",2
"R_1QG7SsKpYQgSIAF",3
"R_bPzwAFdlVaA87Vn",3
"R_3oQSXNZTcp9yWWl",2
"R_2CB235JQzMtpihu",2
"R_29iGyG3WSmKo5Te",2
"R_RxeYwKZ5Zu9SiT7",2
"R_3MncA46G8CO8juo",2
"R_2XasM6V6LLwsutN",2
"R_3GqfePl8gH1VWP1",3
"R_bBgIkZfU6RwGLWF",2
"R_1kTGdXdVuqkznN1",3
"R_27DL80quzRiSEmq",2
"R_1QozBaV2v9k1qO9",2
"R_1oHfxbnrluT6eo4",2
"R_2pLAFWDIuMuYPNO",3
"R_2EcMw7OZYbjr73v",3
"R_2cnNyjA4yHdU4ij",2
"R_tPBONZU30Yotued",2
"R_33wIkzVNIsCTsW7",2
"R_3M5v5C89FyCc5mO",2
"R_bK5PUvc46zAxoQN",2
"R_a63UuDzyNOdlI2J",3
"R_3CKmnc9zwNPauw5",3
"R_3IaGUIs83jpQZU4",2
"R_UiGJcgWtDtZPfih",3
"R_1lgHUtzxBe9APYk",3
"R_2dihfHjL0WReue6",3
"R_1mebUZZHsgPDgzX",2
"R_2bW4aarsfN4ohuV",2
"R_3CTqIaRKgDuGP1L",2
"R_1mxX9jjBSLwxiDU",2
"R_2wmCdm6ETy6g3k0",2
"R_33dqPtsX8lDC3nH",3
"R_3EzeiT36qvnPNn2",2
"R_3s07B19Gl5Ix56W",2
"R_2eaIHfPqBAh3Zqa",2
"R_BzYBOsOAD0ICEzn",2
"R_2awxWgzoilIrv93",3
"R_6hVhB5Goe9Kifrb",2
"R_yrLrYUf4oFzOnjb",2
"R_1gcmv3lhX8iJEQb",2
"R_2YEwr7udVArG9IG",2
"R_OGLmgayQfW8p8K5",3
"R_3F5y4cdVNzWpTQR",2
"R_2e3bppvzM7Ynmch",3
"R_2uCzO2vX6RqKEfv",2
"R_DM3u1ro7eb4ws93",2
"R_1LCMXBRIyG4h84a",3
"R_31LyI2lVjeZ7OVi",2
"R_BFbU04GiA8k4ODD",3
"R_1MY7yxvExjQWTkv",2
"R_2ToRb0eNQrFNM3u",3
"R_1n8h8059UUul8Dr",2
"R_1NfYBCMTmzHgXGh",2
"R_2CB6arsMS9zZGIq",3
"R_82JzK2I5EzjMiCR",3
"R_1hRPPtGYokPL3IK",2
"R_2D07GlHSiz5PCkt",3
"R_1CjNNUhUiSbeOoM",2
"R_AmV9fcEkxN1xk09",2
"R_2XoIMjsU1XI9unr",2
"R_2TOkoRACY7yBNRm",3
"R_23ThXRxY2BTPyy5",3
"R_1kNwFGBAUSrxQP0",3
"R_10H46dpG2DS79Fn",3
"R_2WSDyKoVDJhO1Os",3
"R_RJnfiCljP85kkKt",3
"R_28NdvpiMbmD53BH",2
"R_11cJ3be1pQV32hb",2
"R_sLn4GQizfjyzwWd",3
"R_2w4cgTg4Pio3rhs",2
"R_20TAzxGcUSMw2Gy",2
"R_YVoT55Wyx9S4FDb",2
"R_2b1MfkpNO4V6xMv",3
"R_3nqGVGe1oo00hRC",3
"R_3GoVgnf4Ih55nVX",3
"R_2Bljhn8FOxqwglz",2
"R_27vVnfQ5TPzu3Ro",3
"R_2aKrOq0DBielcig",2
"R_A1i77wZ6dCs4Awh",2
"R_3pmeuOmzM4r5gMS",2
"R_PARHT7W9jKxfvNf",2
"R_Oa5NCI1rguuH053",3
"R_2e88p3uAByfi8sR",2
"R_2wRyo5wko1INfxz",3
"R_O8Qf4CzkJ7AbF2p",4
"R_2QZ0AVY4isbLDdN",2
"R_3niyXZJFdjwLwq3",3
"R_24iMFCQKmehwlmL",2
"R_2WxwIp31iX2k3Fx",3
"R_xcs1aVCVrBlXkgV",2
"R_rrUXqPVNdXo3jPj",3
"R_6lnssfnXksO2ntf",2
"R_9L8Lum5AaHh6bq9",2
"R_1E7ooGdyrfxLePW",2
"R_CafRVMY9tv7DH7b",3
"R_1Isyig1z1xCQlbf",3
"R_w5JAqptOytTan4J",2
"R_3jYUg0c9puk2lgW",2
"R_27BbXkdQZhUFk8v",3
"R_3qgq9Zzk3EKt8eV",3
"R_UWlLZdb69GeLobf",2
"R_1I6meOeB0piHEX8",4
"R_27jLM2aZ6l0vu01",2
"R_3EfGwTEabmoSRVI",3
"R_3JFAj4jTW4qftb2",3
"R_vjKz4d7IAwZfE6l",3
"R_1rr9XOz2pHFyWi3",1
"R_2zCmQhJtrw3xBtV",2
"R_3jfEjdC0JqmZ6ly",3
"R_OJxTrXvk1zGH853",3
"R_1gwL8QZGzhV0g3G",2
"R_265zDShpZJQSm6H",2
"R_33peF2pSQ188ZAJ",2
"R_4SJm0iGbM1KvKiB",3
"R_210MlTBRwtBwWf6",2
"R_8pMsG4P0RqzoSlz",3
"R_2ASz0xBmcxqYzUJ",2
"R_331r8PPvTyqKSoh",3
"R_2YCU6JHbCzus4zy",3
"R_ApVmIUhdKhewFtn",2
"R_21uibgT9dgqRD9J",2
"R_2wsihriTqG6n6Sj",2
"R_1KqhfYKlNJg85SH",2
"R_1feijJrorGlQcf8",2
"R_3DdKCo2XOGU4KOT",2
"R_2eVvJOCbUPKJBLF",3
"R_2ZDGeuEsPzT9nBn",2
"R_1DGYq18HeymWNfH",2
"R_ZgZ7S6BnNfcYbHH",2
"R_3nowc1UudxHQnVQ",3
"R_SGAAoUST7I3bMpr",2
"R_0dNGfZ4GvtFvxu1",2
"R_DtJxDbbSgYHmTpn",3
"R_2WVw3lmZv3Lkg8C",3
"R_3eehQVQNcKmEJtd",3
"R_33a2eGfoj5xSrE2",3
"R_1cUrY5EuyLHnEhf",2
"R_2AGpSTOzeeHqMYd",3
"R_32WvdLjYpicai6o",2
"R_25LBtpI3BFlKN2g",3
"R_1IL4eE4qWAUTvTW",2
"R_1LIhFuivD74bKNQ",2
"R_12osmPZNBfvNohz",2
"R_26mSL35DzLZIh1H",2
"R_3Es3loppjtpKmVQ",2
"R_2dvh9tu7PLPeipE",4
"R_2bToXEqeq3gv28I",3
"R_YVNaznCASVojYKB",3
"R_2Xn5A8skNbA3DXb",2
"R_SPgUY20fCYUgXtf",2
"R_3ZPuR4Ng8Jhj7r3",2
"R_3hsVlOFjszWOfLz",2
"R_3iVJ4NtqpKGbPCp",2
"R_2TKKMv7TMpR8EHA",2
"R_2QXJIE0UXBTy8wd",2
"R_2s5OzoDX56gIWr0",3
"R_SZxS1wRL7j2vEk1",4
"R_8leYucio47FaT9n",2
"R_1DArtWUMWCFGc0k",2
"R_2eOv3Cki1qfnEUd",2
"R_5gXgALtnR3hyFix",2
"R_yrLYz6vyq4yOHpT",2
"R_V4neEkWLuLjezW9",3
"R_2feZdiUVUKMKbmp",3
"R_eg0ycbZcHEfhBAd",2
"R_VVk7njfjYpJwkRH",2
"R_3iJyVGzX7fyajRz",3
"R_OwY4A97Yuej2Sw9",3
"R_29tYnNf049lSPEe",2
"R_12QFQ7lCIls8sRd",3
"R_2zGs5827faHHXFy",2
"R_10qrHohvVyRhmA4",3
"R_24P0vykrD1RJG07",2
"R_ugElk3AIRMymFhf",3
"R_1kMSPTD9ssCD0Qg",3
"R_sjbgjhzDO2r1Wlr",2
"R_TpT2Qb24RrLIW8V",2
"R_3ik7mYg7wgFsyfj",3
"R_1QLfbB3Lho273wG",3
"R_sH8W9PyBq2swyLn",3
"R_1DqZfuFgEoydLGw",3
"R_3jSAmu0UzDwnhQD",3
"R_RDBZFpWVS5Kgm5P",3
"R_3pumITxLvdUqvpM",2
"R_x3pr7vCXkREOePv",3
"R_1n8k1q4epLdcZ6Z",2
"R_2fjs77gvSmIDAes",2
"R_3ElHoNUS8Tyu7RP",2
"R_2rAxbAQHK26EJzl",2
"R_3MoLbjSVY538tYJ",2
"R_3KCUnPI9FEz7vTo",2
"R_1qeyM2GF7cedcyA",2
"R_2S8Z1Ysvkfaa8Dk",2
"R_r1qqClBL89aFjXP",3
"R_ZIuaiND875SbVPr",2
"R_6kSoI7r53VQ4uQN",2
"R_1FJlXVDBsBrZOy3",2
"R_3Ib0CpTLQzDVjiC",2
"R_XSu10jIDimUl5m1",3
"R_3ite6il7LXUvpB6",2
"R_3NIZbBKQxSWert1",2
"R_PuLRXv7pUO3cLzX",3
"R_2dz3LTOMlLK2R8T",2
"R_1rMs03OIf8bVbx6",2
"R_b3NWnTBcFyWqXjH",2
"R_qI2JElIT0DuYQ0h",3
"R_2UbJUrmy1ldwwWm",3
"R_3G7BILj5lidHb8M",3
"R_2tm6ihZwdA3CyLm",3
"R_3M3vVQ0TvPk2NfE",3
"R_4TMdmQ1SjGtT6Ex",3
"R_Cm3VQrd9jKduks9",3
"R_pQ5e1JfjUv0WAxz",3
"R_Ox2cOKKad6zHXtT",2
"R_p5j1hNZ9iQsHJ3H",3
"R_bvaM7i1LSTXVLMt",2
"R_1NgAWSeub1pgOGj",2
"R_1BNwZP0DdTOa4rT",2
"R_2xSi1OCICve9fY6",3
"R_3lYUnPKDsGA54tw",4
"R_27llfKLBUotowNk",2
"R_PwlnzzccUMXV0n7",2
"R_2QEQOSl4i81CHb1",3
"R_3jZqWk6Sdb7NXLB",3
"R_2B2MxyY9jNHjyuL",3
"R_bw2nQ0iRh2wCa8p",2
"R_2us5G3aJkmhBYul",2
"R_1kUKEv9Ixx51PVV",3
"R_uvHmOm6E3h7nyHT",3
"R_1nOCRAcsi1AU77q",3
"R_21nqmq6huNc0eNi",2
"R_4IW0LHdxVB8XJct",3
"R_3kBWjp00fTCaTJC",2
"R_u2EdYogSnJBrpex",3
"R_3hnGRijfFuA2CwU",2
"R_2AFQYaxoE9vBsiq",3
"R_2fwcmF11OiCN6PF",3
"R_2qEL7V5Gk04Jtva",2
"R_2QrmzNCNpcA7B9p",3
"R_3Hphzg7zu04Hgy1",3
"R_1KrGWfbBFSsqxlt",2
"R_3n0OjYgGHf96Wuh",3
"R_33yyu45asYf9lJ3",2
"R_ZeqLnp8IZFNzHMt",2
"R_3KBMM6Vf5T55MvH",2
"R_3MfFOJ2V3UIqyKS",2
"R_3GrjtiJ9M19hViM",2
"R_e387De1jF0gN2OB",4
"R_1NDpAK5cXZeWOk0",3
"R_3p8Rjor8VyZP2Qp",3
"R_2YJLVqCGAyLiODQ",2
"R_1latJ8919AnBtf0",2
"R_3exc2XR26AhKKGz",3
"R_1E3TJBNJVtr3tcD",2
"R_vZhlFDyqHjpESgp",3
"R_1ptXmYOKR345Q4x",2
"R_3lMPFMytHOig2HO",3
"R_3nebNtUMw5BsKcK",3
"R_3e82J7pYxj5XP7j",3
"R_3OcPFnYHBC8wrZe",2
"R_2dz21GRV17aGMQ6",2
"R_1OxFLrUyPQnVvhR",2
"R_3PF8C28rLFFVyyb",2
"R_2WumP0iKDvwiM2r",3
"R_2zSlTKG9lhZH3r9",3
"R_cBcMo7c8BGeWv85",3
"R_1lp1fif64G1hlWf",2
"R_2wFa9HKdZRkx33l",3
"R_2a6N79YhPHNWjBv",2
"R_2drQfJcqWLcLnGm",2
"R_3j85NmXEyjQjcD3",2
"R_1cYxarQPFQxNRHB",3
"R_2BfmqVKFYNmifjt",4
"R_e8LdNnD8Up25mSZ",2
"R_1dKBjc0UTA0ZiYb",4
"R_2t5RLLIzhkZJOII",3
"R_2CHqHcCikYB56qe",2
"R_2Xj7LtCe2Mt8jNi",3
"R_2xVlLbbkS1YPjik",3
"R_1EbBdl7Uln82HNr",3
"R_ssRisffxqnoI09j",2
"R_3j2mnsnt1dXqiO9",3
"R_10r2RIJOCZFOra8",2
"R_2arcRfiSGuktBYg",3
"R_xzt7BAlQUA8iNyh",2
"R_1r8u9f1vT8Y3HrC",2
"R_2RVr1VA8MPt5THg",2
"R_1lmD7TvexZgvJfk",3
"R_1eWqoB1QIjLQTs2",2
"R_3e8s8dAdcnrk8gN",3
"R_2wvn7UpDyXY3j9L",2
"R_1eK2urpNgyTmOuU",2
"R_tPNYncDSPM7QneN",2
"R_1kYqGRa5BwQ88E6",2
"R_2tK9xIUteAzFb42",3
"R_279BIfQfAdPTlAp",2
"R_1FfETqbn5GhKwYj",2
"R_3qPt2VOIZdr6Kio",3
"R_2P7oJmP5i7tHjC2",2
"R_1Fyt6rHyiQcVOT8",3
"R_1Qc2nux7GJ7vVuH",2
"R_8diYSw75MwRT2md",3
"R_1GCwpR4TbUNRunu",2
"R_3p9LzS9OJFK4DhS",2
"R_OdTirYYBS6ms6nn",3
"R_2B4mWUorTZ2cm8o",4
"R_24dbGLxukEKohG6",2
"R_3NRiWTTQ4IpZtZj",3
"R_31yHIoibb7WLDGS",3
"R_22mMopWqAj09mQc",2
"R_3kFWVmVTlcPA1P1",2
"R_u9qeol6zlUcq13j",2
"R_30pEbdralSJ73wd",2
"R_1GWHQwmLGiIkYBH",3
"R_3IaZTnB1Gr2Jd8y",3
"R_31MoRcfEFe73eTY",2
"R_2D1zydYR5SZ0LpK",4
"R_3O1ZQiLS4l3O9uu",3
"R_1JJ9dsXDfWNb4HX",3
"R_YYrJhkIJO9hdbAl",2
"R_2E6JLryon34m1Nn",2
"R_2upS0p7bpR4MjRV",2
"R_Thn6rAkosxWmMVz",3
"R_1N2pRfCrIwFtKcN",3
"R_3q85lmoPNLL3jD3",2
"R_1KlMYPvPKoudQO5",2
"R_2Etc0qZ3B702xxn",3
"R_1ez4JQNwmuGXkQX",2
"R_3P4QthjwwxEaV1m",3
"R_33Dw8oXaXrUFCue",3
"R_1ClqO4ZMDuwGjfl",2
"R_x30q8fyx3yFF50B",2
"R_1q3UKgnUTHUnyI9",3
"R_SH9KwMo2tRoWdJn",3
"R_3mknIzzCIrBk3h8",2
"R_2QQl58nFfrZayxf",2
"R_3h6dHCZDsYbhbBD",2
"R_2ZPqsX1an4DPSal",2
"R_1NglQq1cT6f3iyC",3
"R_DwyIGAZ50BXpCSd",2
"R_1CEeWOcxWHKG89k",3
"R_1FmvdkhGeYstPcU",2
"R_2uPcQuKixR5S2ZO",2
"R_3pcctVpELUMpncc",3
"R_3fvJ1CXv3szhsUO",3
"R_1CIQjlABWt7jZWc",2
"R_2XbxD4y0TC9xKi2",3
"R_2RTZVrtkdWtJ4BV",2
"R_ekvp23KJMuNQtMZ",2
"R_PUjGHRInObkkx33",2
"R_1C9YUFD8GunlGej",3
"R_336WhTDSFkAvY2i",2
"R_Q0nwaT1hUVh9fgZ",2
"R_BrGU6AO1BW3UyVX",2
"R_21yP1ZuMSzzaKJh",2
"R_214Wm7S7308feRf",3
"R_UVM6YBvaArzpRjb",2
"R_3FPeOTnJa3dJ112",2
"R_3EF2sOVmTNA4e3u",2
"R_3h3K9E1W2YcQhhk",2
"R_1hyGhuYSTYCejtk",3
"R_UxVZdLDXWoy4nO9",2
"R_2A0c83aff4ORZ8M",2
"R_1lsP2wqcavnlqNP",2
"R_1mmfHbDmV4kYB0s",2
"R_3CZBHYSzEZSu8yb",2
"R_2EzwXpjplwOepGq",2
"R_BRQBOvIYvOAz5w5",2
"R_1odlzSMsCNFupb4",3
"R_SC38DnC6mtyMrDz",2
"R_zczhhGpVCmLwad3",3
"R_1LhrEPku3icyXBp",2
"R_A71XT7YTRmekJTX",3
"R_2645ne4qL77SxOJ",3
"R_3oWR9kYBU1EeED4",2
"R_3m2Gt4gSV5ZDV1j",2
"R_3Kv8PUwM5KE3ZA2",3
"R_10N9CD1aLy1NjgE",2
"R_5vCpi6uUAi8sonL",2
"R_3HYTI2GoQycZ7pm",3
"R_4ONrU60VenuwARr",2
"R_AM0OvM0F9kBvqal",3
"R_AtEyAP1H4QooIBr",3
"R_1mCoq1CQXRu1pPq",2
"R_1daE3vUDxFrSw4I",2
"R_3MsVnVTECl4iNiV",3
"R_22Gj4pgXDsezuKw",2
"R_2zGy2Qj3ENruAYs",3
"R_1NCzj2eSHI4QGcd",3
"R_2QswpKsGnL3NBXE",2
"R_OI6VYW0LooKLxBv",3
"R_1Kwnuz6KPM796nt",2
"R_W80kzJbCa8CD9UB",3
"R_1pm2Wo5wrQSY0Gm",2
"R_1mQQFMBJoXxk4Zw",3
"R_XuCuybjxPer1OeJ",3
"R_2wnVOR2xXwg3WyF",2
"R_bqJcUVIGITLsNeF",2
"R_yxxiDkqLBNLD3S9",3
"R_1GWwhndoXXJDzDA",2
"R_27lE2A8TyANjHWE",4
"R_2TEHhHhGG0nUPl0",2
"R_2AXrxS8YlU9cken",3
"R_1oFRyes3ggnKU4B",3
"R_URRtiKcS7CPrnwd",2
"R_10MFxyIhsIDW0nP",2
"R_vVwpKEp0Ea8Zb8d",3
"R_2DTC3SPg5IQBacX",2
"R_XvMiL2k9rLcEJsB",2
"R_3NHPsnCWAEa4CFk",2
"R_1gTQqpDTAFyI1fr",2
"R_2ypE6JHF6y85DwX",2
"R_vTs8n6fZBRT6mw9",2
"R_3JnjKsPAuFGDhrx",2
"R_3HOJvi26PAJuJZK",2
"R_26aOAWhuugb22Wo",2
"R_2vc5pDjp5Xdmb6j",2
"R_1daZ7tWSMODSGGp",4
"R_1dpqMNgAnhRiLQZ",2
"R_1I9Fh0y1T090Zve",2
"R_1lfNYOmsEIqOn65",2
"R_3r0ocHrCI0gfnAA",3
"R_ThgquWaLDQWLCcp",2
"R_2z6pmWToR0TLYk2",2
"R_3Dkj7WCrUKoBPHe",2
"R_2P50Iq3Uo8HiCwT",2
"R_2YCZHo7x8Bmh5ac",2
"R_1GghoTNZdgUeySl",3
"R_RWDVTpd1w4ZP8lj",2
"R_1GPUUOebp9ScVi1",3
"R_1jO4s7oht3pyKEc",4
"R_BWAjcs1sKUc6NQl",2
"R_3EgIvf4lJXZKbGr",2
"R_1jNXwv23Py7NoXB",2
"R_12bxXZmV1h6iVAL",2
"R_tXHOaasrDjYwLO9",4
"R_2bOxePQdRLlrSF5",2
"R_pzuVnS8IxMq6uhX",2
"R_zdQYFhfeqyBd2dH",3
"R_oXXMCzlv3CXrCiR",2
"R_w1ydOqmOrL7x8Wd",3
"R_3rZHdmB75jSgwhr",3
"R_1BPo7cRkGaVw2zj",2
"R_1JK328FVWElecfL",2
"R_3qe2tDpGxexEAso",2
"R_11ZpeDj8UiavB9G",2
"R_Xt4H8BJ1Vx7ws8h",3
"R_2ByxuAREdcxnaAy",3
"R_2S3qeN5pcwmrE8f",2
"R_3PgEykaYjWwXhvV",2
"R_XmJksWdlfM3NHJ7",3
"R_SBiEJOUFyfjK5eF",3
"R_1CjWIsByjtP0GxZ",2
"R_1F8mw2kq3LVfGAd",2
"R_25QKrjN09fkby9c",2
"R_2rCkD0PXMmRJMLe",3
"R_2eP9RaoDUn9qgIR",2
"R_1rNf6ssFroMth4I",2
"R_2S0NrcvRufXExKs",2
"R_2dKGe5V8cM8t8Lh",2
"R_3qrqbddZ7eR9KW8",3
"R_2c7P0KnO3rHg32r",3
"R_AHYwmIeNLfy0vv3",2
"R_Dql4qyXPogVmJPj",2
"R_12bC3rUwQ2h1sz5",2
"R_1rPQIXSf3d1wvFO",3
"R_2ohMwJ89VMqWmQ1",3
"R_3qxoVMOyOPBOOxq",2
"R_27EdXSyXrMPQDOm",2
"R_2Pe4BqKB0X9aMTb",2
"R_XYsrPCXL5N6boad",2
"R_32LYdapPvjP8C3O",3
"R_BYr5WwayMBf66SR",2
"R_1GHRqNeLfZhykV2",2
"R_WwVKVhGu4erKLWV",2
"R_2t3tRCYPYTn4xQe",2
"R_3n2bkmbpmkU4gYf",3
"R_1dt2pwnEJkg5a7A",2
"R_27PZcbYfPDhwHcL",2
"R_eyPaNpEViezNJZv",2
"R_1CdSxzYzFm2SGuB",3
"R_1rAK3r0iMJ5BheI",2
"R_2dGCaOSuAKevfs7",3
"R_1ogPEvMIjoSK6eE",3
"R_egkpr19CU4Xy9C9",3
"R_2bUiaHZeb8qa8uG",3
"R_2VkFzKtUReuEWm9",2
"R_afsmqQnUctcdeY9",2
"R_2DYNUe9cQV68GxO",2
"R_3lXatUmeXT2pRD3",2
"R_3IcW0cCdlMnkeZO",2
"R_31XAIkcT4o6ACp7",2
"R_3L5tSFlgKbeAW9k",3
"R_2uQjJxSekSWj3qM",2
"R_3n2VXT4Z99FpnEG",2
"R_PBgcVvIiLghAouJ",2
"R_2BqZ1DNgxCWMozc",3
"R_3oXaG4hCMfIbGLl",3
"R_2xxvsVGQ2kSdXpV",2
"R_3I9nHVMo3pyWm6J",3
"R_1K3XYuvFofXLIzN",2
"R_12mMk3Dq3Oo4HJb",3
"R_1mEmb9jWLRYCU4e",3
"R_30608xSlGTOqDvx",2
"R_1DYWdbAMt6LyCZH",3
"R_vNUg1BUX4xLMPER",3
"R_3qIPMah81MezsJn",4
"R_2DNtqbBKGHzSDN9",3
"R_31ZxYxyOSie94bK",2
"R_22nS4Bu8Q3B84gf",2
"R_2xQp0siO6hwdLKh",3
"R_2E5XCpTY2B5ZQ1f",2
"R_1M3NpvxQQpsbEzI",2
"R_bBf97e7ARwoovoR",2
"R_r1oTDkv1OlGnNuN",3
"R_3GdnyGwbVF0dSiX",2
"R_1nVqc225Z4eIuF5",2
"R_9NzlQyQfOmHZ2qB",2
"R_2WwzM8WiFsk4o3g",2
"R_RPudbSO1mm9KZSp",2
"R_3EG2lAmDB5qrmUO",3
"R_TtjiPpPxtkd5Vnz",2
"R_325wPQDFbzpv3zZ",2
"R_7VE7AAGZ5n3WvIt",3
"R_1ob8zZqeqvY3QFc",2
"R_3iIQ4QqxRoa0VFq",2
"R_27dJXOwah9Eflzc",3
"R_3s5rL77j9tDJzQg",2
"R_1N5g9DewPFrXN7Z",2
"R_271MengshrPzDvK",2
"R_1f3ircaL7arnTwY",3
"R_2PjmJHMFnJg4Jue",2
"R_1mCArFpkZ7kWlAC",2
"R_2dzIuPT8QnK8NCo",2
"R_w77iC7bSgq12DO9",2
"R_2YVQQRVSdj7M8Va",3
"R_10TA7pCDmelHi5H",2
"R_3MygNZcPQ2LYh56",2
"R_6yXSEznYlOrZwSB",3
"R_cAcAtozIWnZIbGp",2
"R_1KxVDxZl2H0XoHS",4
"R_rpRwL6RsvWNdFUB",3
"R_Okx3CWwKxUas8i5",3
"R_29jjkyPmjEPPlXA",2
"R_3n0f5dcuUi4KKGG",2
"R_qElbHZQ0UdIH4DT",2
"R_3MyEdXOZ8P75S1V",3
"R_3MgMcC1lF0RiuW6",2
"R_8cr0J12EMKs9NND",2
"R_ptrkceh01j7A2pX",3
"R_0eyuL7xzgnVeTRf",3
"R_4Ymoad5OAXbuIyR",2
"R_3iDwODhJv2WSQov",2
"R_2ze9t15YGQDJxR3",3
"R_xrrF4kkA2JEG6OZ",2
"R_1mt1xnQvlBNBWSY",2
"R_3qWnPpXqudB3ETJ",2
"R_2fJ9xT1RLazSUd4",3
"R_Thedjrv7zp1BGwh",2
"R_2xUWWDmNfdm90uH",2
"R_3O8mzYfcgX5JIsm",2
"R_1NFde2vzLpu8IWT",2
"R_2En0sbvQ7s48ufv",3
"R_27IjOn4j4TKCXmr",2
"R_vp2vdEEPd9r8Orv",3
"R_1JFagmho9RdIy6Q",2
"R_2cCx0AHlJbsWbKA",2
"R_2rVfgIfX5IVQgoF",2
"R_6Y8B3R1iIUjRAXv",2
"R_3pm4Od2kUSXlZgY",3
"R_2R7XoHLye7zu5Lb",3
"R_8CXcySQawXPuJwJ",2
"R_2QgQk2MGsl392HX",2
"R_2RaxX6jSq9lvO4q",3
"R_21B94A6XQ9h1HZb",2
"R_3ixOwXLuUfjiWS8",3
"R_5o8k0eov3gjR9Yd",2
"R_1FOE3GDn0yhQrVA",2
"R_1PcttxbjmIpzZ9t",2
"R_vpk0yzFgO6qbsFr",3
"R_3DqnvnWvqgEZVbO",2
"R_8vnpSkm79W7Jsv7",3
"R_puS9dcuNnDHSZ8Z",3
"R_SVHcBOlErkMEJjP",3
"R_3OiAK9V155cWEsy",3
"R_A6elLLSuavqVAyZ",2
"R_3JjRmgOh3ZydDiW",2
"R_2dyITPHbbfmCXJn",2
"R_2YLHuI0WiiWMbKI",2
"R_1LRMfvqtCuHQOG4",2
"R_1r82CKnMNz2scZO",2
"R_3IaddE3q66Zxn9K",3
"R_yPgyGUixTuXuX5v",2
"R_2YlhHzEptxRGFBL",2
"R_3R1jXGy2EtHwAf6",3
"R_1IZaizh36yGgZ9k",2
"R_bEM9MySQ9bTLMc1",3
"R_4UzHfPu0I44EyLn",2
"R_1DJdUrYA1I0QAKh",3
"R_3EsC5YHmiHe5s54",2
"R_3Ebh099lpNz7iC2",3
"R_Odixb15Ykmxb0Dn",2
"R_273TMGuLM3jXisi",2
